{"stats":{"minecraft:mined":{"minecraft:short_grass":3,"minecraft:tall_grass":1,"minecraft:oak_leaves":1,"minecraft:spruce_stairs":2,"minecraft:leaf_litter":1,"minecraft:oak_log":60,"minecraft:stripped_oak_log":1,"minecraft:grass_block":1,"minecraft:oak_planks":20},"minecraft:custom":{"minecraft:time_since_rest":224337,"minecraft:leave_game":10,"minecraft:damage_taken":722,"minecraft:mob_kills":9,"minecraft:time_since_death":391961,"minecraft:open_enderchest":7,"minecraft:interact_with_brewingstand":1,"minecraft:interact_with_furnace":1,"minecraft:sleep_in_bed":2,"minecraft:interact_with_smithing_table":1,"minecraft:happy_ghast_one_cm":172110,"minecraft:total_world_time":525709,"minecraft:crouch_one_cm":69,"minecraft:pot_flower":6,"minecraft:deaths":2,"minecraft:climb_one_cm":5660,"minecraft:interact_with_stonecutter":1,"minecraft:interact_with_crafting_table":1,"minecraft:walk_one_cm":509977,"minecraft:walk_under_water_one_cm":39073,"minecraft:play_time":525709,"minecraft:damage_dealt":1119,"minecraft:jump":672,"minecraft:drop":17,"minecraft:open_barrel":7,"minecraft:sprint_one_cm":1679,"minecraft:open_chest":21,"minecraft:fill_cauldron":1,"minecraft:fall_one_cm":11572,"minecraft:fly_one_cm":700740,"minecraft:walk_on_water_one_cm":12326,"minecraft:sneak_time":1788},"minecraft:used":{"minecraft:stone_axe":90,"minecraft:grass_block":412,"minecraft:birch_door":1,"minecraft:painting":7,"minecraft:spruce_fence":82,"minecraft:waxed_oxidized_copper_bulb":762,"minecraft:netherite_sword":6,"minecraft:spruce_stairs":349,"minecraft:cartography_table":2,"minecraft:campfire":58,"minecraft:stone_brick_slab":38,"minecraft:bookshelf":19,"minecraft:jungle_planks":1,"minecraft:wooden_sword":12,"minecraft:ladder":12,"minecraft:stone_bricks":290,"minecraft:glass_pane":40,"minecraft:lantern":61,"minecraft:crossbow":5,"minecraft:cooked_porkchop":1,"minecraft:soul_lantern":1,"minecraft:blast_furnace":8,"minecraft:brewing_stand":2,"minecraft:cobblestone_wall":23,"minecraft:spruce_door":4,"minecraft:smithing_table":1,"minecraft:oak_log":483,"minecraft:cobblestone":174,"minecraft:stone":333,"minecraft:stonecutter":1,"minecraft:grindstone":3,"minecraft:stripped_oak_log":57,"minecraft:crafting_table":6,"minecraft:white_carpet":21,"minecraft:rabbit_spawn_egg":9,"minecraft:netherite_chestplate":1,"minecraft:spruce_trapdoor":79,"minecraft:cow_spawn_egg":10,"minecraft:armor_stand":1,"minecraft:oak_door":10,"minecraft:loom":1,"minecraft:smoker":8,"minecraft:purple_carpet":14,"minecraft:soul_torch":28,"minecraft:stone_shovel":35,"minecraft:water_bucket":3,"minecraft:netherite_boots":1,"minecraft:netherite_leggings":1,"minecraft:goat_spawn_egg":12,"minecraft:anvil":1,"minecraft:spruce_fence_gate":44,"minecraft:furnace":8,"minecraft:barrel":18,"minecraft:torch":189,"minecraft:blue_bed":1,"minecraft:obsidian":12,"minecraft:sand":7,"minecraft:lever":42,"minecraft:cobblestone_stairs":3,"minecraft:spruce_planks":449,"minecraft:chicken_spawn_egg":11,"minecraft:orange_bed":3,"minecraft:waxed_oxidized_copper_door":5,"minecraft:crimson_pressure_plate":7,"minecraft:oak_stairs":24,"minecraft:stripped_crimson_hyphae":1,"minecraft:stone_brick_stairs":222,"minecraft:redstone_torch":19,"minecraft:ender_chest":1,"minecraft:flint_and_steel":1,"minecraft:chest":101,"minecraft:amethyst_block":634,"minecraft:cauldron":1,"minecraft:enchanting_table":1,"minecraft:oak_planks":247,"minecraft:flower_pot":6,"minecraft:sandstone":157},"minecraft:picked_up":{"minecraft:birch_door":1,"minecraft:dirt":1,"minecraft:stripped_oak_log":1,"minecraft:leaf_litter":3,"minecraft:oak_log":60,"minecraft:soul_torch":1,"minecraft:oak_fence":1,"minecraft:birch_planks":11,"minecraft:oak_door":1,"minecraft:wheat_seeds":1,"minecraft:stone_brick_slab":1,"minecraft:spruce_stairs":1,"minecraft:egg":2,"minecraft:porkchop":2,"minecraft:stick":1,"minecraft:wooden_sword":1,"minecraft:feather":1,"minecraft:waxed_oxidized_copper_bulb":1,"minecraft:oak_planks":18,"minecraft:chicken":5,"minecraft:cooked_porkchop":1,"minecraft:cooked_chicken":2,"minecraft:kelp":3,"minecraft:rotten_flesh":3,"minecraft:music_disc_5":1,"minecraft:stone_axe":1,"minecraft:blue_bed":1,"minecraft:ladder":1,"minecraft:barrel":1,"minecraft:netherite_helmet":3,"minecraft:gunpowder":2},"minecraft:dropped":{"minecraft:wheat_seeds":1,"minecraft:oak_log":3,"minecraft:leaf_litter":1,"minecraft:barrel":1,"minecraft:netherite_helmet":3,"minecraft:stone_brick_slab":1,"minecraft:chicken":4,"minecraft:dirt":1,"minecraft:stick":1,"minecraft:egg":1},"minecraft:killed":{"minecraft:zombie":2,"minecraft:chicken":3,"minecraft:goat":3,"minecraft:pig":1},"minecraft:crafted":{"minecraft:stick":4,"minecraft:wooden_sword":1}},"DataVersion":4438}