{"stats":{"minecraft:custom":{"minecraft:interact_with_crafting_table":3,"minecraft:time_since_rest":91573,"minecraft:walk_one_cm":264405,"minecraft:leave_game":3,"minecraft:play_time":176967,"minecraft:damage_dealt":226,"minecraft:jump":376,"minecraft:time_since_death":176967,"minecraft:sprint_one_cm":555,"minecraft:open_chest":6,"minecraft:sleep_in_bed":3,"minecraft:total_world_time":176967,"minecraft:fly_one_cm":267973,"minecraft:walk_on_water_one_cm":1801,"minecraft:crouch_one_cm":1797,"minecraft:sneak_time":2531,"minecraft:climb_one_cm":1943},"minecraft:used":{"minecraft:cod_bucket":1,"minecraft:grass_block":156,"minecraft:chiseled_quartz_block":17,"minecraft:iron_block":2,"minecraft:quartz_bricks":1,"minecraft:cherry_planks":341,"minecraft:soul_torch":7,"minecraft:campfire":1,"minecraft:cherry_fence":88,"minecraft:warped_door":3,"minecraft:water_bucket":52,"minecraft:pufferfish_bucket":1,"minecraft:bookshelf":16,"minecraft:glass":300,"minecraft:crimson_planks":70,"minecraft:ladder":9,"minecraft:cherry_door":6,"minecraft:glass_pane":25,"minecraft:lantern":2,"minecraft:warped_planks":16,"minecraft:torch":20,"minecraft:soul_lantern":3,"minecraft:blue_bed":2,"minecraft:quartz_block":1,"minecraft:salmon_bucket":5,"minecraft:white_concrete":1,"minecraft:tropical_fish_bucket":2,"minecraft:pale_oak_planks":150,"minecraft:smooth_sandstone":94,"minecraft:axolotl_bucket":23,"minecraft:pink_bed":8,"minecraft:pale_oak_door":3,"minecraft:crafting_table":5,"minecraft:cherry_stairs":38,"minecraft:chest":4,"minecraft:crimson_door":1,"minecraft:iron_door":1},"minecraft:picked_up":{"minecraft:lantern":1,"minecraft:soul_lantern":1,"minecraft:cherry_door":1,"minecraft:torch":2}},"DataVersion":4438}