{"stats":{"minecraft:mined":{"minecraft:red_bed":3,"minecraft:coal_ore":5,"minecraft:oak_trapdoor":16,"minecraft:short_grass":10,"minecraft:lantern":11,"minecraft:oak_leaves":2,"minecraft:spruce_planks":1,"minecraft:furnace":1,"minecraft:birch_slab":2,"minecraft:brewing_stand":1,"minecraft:crafting_table":1,"minecraft:birch_log":18,"minecraft:spruce_stairs":19,"minecraft:leaf_litter":3,"minecraft:blue_bed":1,"minecraft:firefly_bush":1,"minecraft:dirt":4,"minecraft:oak_fence":4,"minecraft:grass_block":1,"minecraft:spruce_door":1,"minecraft:wall_torch":6,"minecraft:birch_door":1,"minecraft:sand":1,"minecraft:spruce_slab":1,"minecraft:jukebox":3,"minecraft:cornflower":1,"minecraft:waxed_oxidized_copper_bulb":7,"minecraft:oak_log":42,"minecraft:birch_planks":18,"minecraft:iron_ore":4,"minecraft:stone":34},"minecraft:custom":{"minecraft:time_since_rest":91695,"minecraft:leave_game":5,"minecraft:damage_taken":1908,"minecraft:mob_kills":74,"minecraft:boat_one_cm":0,"minecraft:interact_with_beacon":1,"minecraft:time_since_death":194754,"minecraft:aviate_one_cm":630526,"minecraft:interact_with_furnace":14,"minecraft:sleep_in_bed":2,"minecraft:interact_with_smithing_table":1,"minecraft:inspect_dispenser":4,"minecraft:happy_ghast_one_cm":126210,"minecraft:swim_one_cm":12721,"minecraft:total_world_time":333840,"minecraft:crouch_one_cm":27900,"minecraft:pot_flower":1,"minecraft:deaths":4,"minecraft:climb_one_cm":8648,"minecraft:damage_blocked_by_shield":85,"minecraft:interact_with_crafting_table":22,"minecraft:walk_one_cm":967785,"minecraft:walk_under_water_one_cm":59388,"minecraft:damage_dealt":9461,"minecraft:play_time":333840,"minecraft:jump":1584,"minecraft:play_record":47,"minecraft:drop":60,"minecraft:sprint_one_cm":165217,"minecraft:open_chest":5,"minecraft:fall_one_cm":20301,"minecraft:fly_one_cm":285309,"minecraft:interact_with_anvil":11,"minecraft:walk_on_water_one_cm":13954,"minecraft:sneak_time":10772},"minecraft:used":{"minecraft:birch_door":3,"minecraft:waxed_oxidized_copper_bulb":11,"minecraft:kelp":9,"minecraft:end_crystal":11,"minecraft:netherite_shovel":165,"minecraft:netherite_axe":235,"minecraft:vault":45,"minecraft:campfire":94,"minecraft:glass":221,"minecraft:sea_pickle":26,"minecraft:glass_pane":13,"minecraft:lantern":86,"minecraft:cooked_porkchop":9,"minecraft:soul_lantern":5,"minecraft:smithing_table":1,"minecraft:crimson_sign":1,"minecraft:creaking_spawn_egg":12,"minecraft:oak_log":56,"minecraft:sea_lantern":1,"minecraft:stonecutter":1,"minecraft:cherry_slab":9,"minecraft:jukebox":11,"minecraft:stone_pickaxe":50,"minecraft:pointed_dripstone":16,"minecraft:bow":77,"minecraft:loom":1,"minecraft:dirt_path":41,"minecraft:warped_fence":15,"minecraft:birch_planks":23,"minecraft:cod_spawn_egg":11,"minecraft:bone_meal":16,"minecraft:oak_hanging_sign":9,"minecraft:fletching_table":1,"minecraft:anvil":7,"minecraft:spruce_fence_gate":1,"minecraft:axolotl_spawn_egg":6,"minecraft:dirt":3,"minecraft:obsidian":69,"minecraft:sand":22,"minecraft:wind_charge":6,"minecraft:spruce_planks":37,"minecraft:dispenser":2,"minecraft:crimson_stairs":7,"minecraft:birch_log":1,"minecraft:rail":6,"minecraft:light_blue_concrete":71,"minecraft:oak_planks":212,"minecraft:enchanted_golden_apple":2,"minecraft:porkchop":3,"minecraft:warped_sign":1,"minecraft:flower_pot":1,"minecraft:ice":113,"minecraft:red_glazed_terracotta":13,"minecraft:bedrock":8,"minecraft:trial_key":43,"minecraft:oak_trapdoor":55,"minecraft:oak_fence":22,"minecraft:grass_block":66,"minecraft:spruce_fence":141,"minecraft:wildflowers":13,"minecraft:shield":3,"minecraft:netherite_sword":15,"minecraft:birch_slab":37,"minecraft:iron_pickaxe":11,"minecraft:spruce_stairs":132,"minecraft:happy_ghast_spawn_egg":1,"minecraft:red_concrete":81,"minecraft:glow_squid_spawn_egg":2,"minecraft:creeper_spawn_egg":7,"minecraft:oak_boat":1,"minecraft:firework_rocket":87,"minecraft:milk_bucket":1,"minecraft:verdant_froglight":1,"minecraft:warped_door":1,"minecraft:bookshelf":2,"minecraft:crimson_planks":21,"minecraft:wooden_sword":2,"minecraft:ladder":33,"minecraft:dark_oak_fence":12,"minecraft:polished_blackstone_brick_slab":36,"minecraft:minecart":4,"minecraft:brewing_stand":3,"minecraft:piston":1,"minecraft:red_bed":5,"minecraft:polished_deepslate_stairs":8,"minecraft:ominous_bottle":1,"minecraft:redstone":8,"minecraft:wooden_pickaxe":6,"minecraft:parrot_spawn_egg":5,"minecraft:white_stained_glass":1,"minecraft:bubble_coral_block":2,"minecraft:spruce_door":3,"minecraft:map":1,"minecraft:mace":1,"minecraft:cobblestone":17,"minecraft:stone":16,"minecraft:mangrove_door":2,"minecraft:cherry_stairs":27,"minecraft:crafting_table":8,"minecraft:spruce_sign":6,"minecraft:netherite_chestplate":2,"minecraft:oak_pressure_plate":8,"minecraft:potion":3,"minecraft:salmon_spawn_egg":5,"minecraft:oak_fence_gate":7,"minecraft:light_blue_glazed_terracotta":7,"minecraft:pink_carpet":12,"minecraft:trial_spawner":3,"minecraft:netherite_helmet":2,"minecraft:horn_coral_block":3,"minecraft:pig_spawn_egg":1,"minecraft:moss_carpet":2,"minecraft:tube_coral_block":2,"minecraft:black_concrete":6,"minecraft:spruce_log":27,"minecraft:cherry_fence":74,"minecraft:netherite_boots":2,"minecraft:fire_coral_block":2,"minecraft:netherite_leggings":2,"minecraft:pufferfish_spawn_egg":3,"minecraft:furnace":3,"minecraft:warped_stairs":10,"minecraft:blue_bed":1,"minecraft:torch":111,"minecraft:blackstone_stairs":15,"minecraft:lever":29,"minecraft:polished_blackstone_bricks":1,"minecraft:stone_button":12,"minecraft:gravel":27,"minecraft:beacon":1,"minecraft:oak_stairs":7,"minecraft:redstone_torch":6,"minecraft:cornflower":2,"minecraft:crimson_fence":11,"minecraft:enchanting_table":2,"minecraft:light_blue_bed":1},"minecraft:picked_up":{"minecraft:music_disc_wait":4,"minecraft:enchanted_book":18,"minecraft:birch_door":1,"minecraft:rabbit":1,"minecraft:brewing_stand":1,"minecraft:cobblestone":35,"minecraft:guster_banner_pattern":1,"minecraft:bone":5,"minecraft:redstone":12,"minecraft:birch_slab":58,"minecraft:honey_bottle":23,"minecraft:redstone_lamp":1,"minecraft:lantern":15,"minecraft:blue_harness":1,"minecraft:cod":1,"minecraft:moss_carpet":2,"minecraft:music_disc_tears":6,"minecraft:diamond":6,"minecraft:bolt_armor_trim_smithing_template":4,"minecraft:emerald":72,"minecraft:golden_apple":2,"minecraft:porkchop":22,"minecraft:salmon":1,"minecraft:music_disc_precipice":10,"minecraft:oak_pressure_plate":3,"minecraft:stick":28,"minecraft:oak_trapdoor":16,"minecraft:wooden_sword":1,"minecraft:waxed_oxidized_copper_bulb":24,"minecraft:chicken":4,"minecraft:cooked_porkchop":21,"minecraft:bow":3,"minecraft:arrow":86,"minecraft:iron_axe":5,"minecraft:iron_ingot":47,"minecraft:kelp":5,"minecraft:raw_iron":4,"minecraft:pointed_dripstone":1,"minecraft:crossbow":2,"minecraft:glowstone_dust":1,"minecraft:music_disc_lava_chicken":12,"minecraft:music_disc_5":3,"minecraft:firework_rocket":1,"minecraft:music_disc_chirp":19,"minecraft:spruce_door":1,"minecraft:mutton":3,"minecraft:gunpowder":4,"minecraft:golden_carrot":7,"minecraft:iron_chestplate":3,"minecraft:dirt":33,"minecraft:rail":1,"minecraft:lever":1,"minecraft:light_gray_wool":3,"minecraft:torch":18,"minecraft:leaf_litter":12,"minecraft:coal":9,"minecraft:oak_log":91,"minecraft:soul_torch":2,"minecraft:oak_fence":3,"minecraft:music_disc_otherside":6,"minecraft:grass_block":1,"minecraft:sand":1,"minecraft:birch_planks":62,"minecraft:birch_log":18,"minecraft:furnace":1,"minecraft:wheat_seeds":8,"minecraft:shield":6,"minecraft:music_disc_creator":4,"minecraft:music_disc_relic":7,"minecraft:iron_pickaxe":3,"minecraft:spider_eye":1,"minecraft:spruce_stairs":26,"minecraft:music_disc_mall":2,"minecraft:netherite_axe":5,"minecraft:egg":4,"minecraft:tipped_arrow":76,"minecraft:ominous_bottle":5,"minecraft:red_bed":3,"minecraft:wooden_pickaxe":2,"minecraft:light_blue_concrete":1,"minecraft:feather":4,"minecraft:white_wool":3,"minecraft:oak_planks":12,"minecraft:crafting_table":1,"minecraft:rotten_flesh":15,"minecraft:wind_charge":45,"minecraft:ender_pearl":1,"minecraft:music_disc_pigstep":3,"minecraft:music_disc_cat":6,"minecraft:string":4,"minecraft:jukebox":3,"minecraft:iron_nugget":2,"minecraft:warped_stairs":1,"minecraft:cornflower":1},"minecraft:killed_by":{"minecraft:witch":1,"minecraft:zombie":3},"minecraft:dropped":{"minecraft:rotten_flesh":9,"minecraft:music_disc_cat":1,"minecraft:music_disc_otherside":1,"minecraft:music_disc_chirp":7,"minecraft:wooden_sword":1,"minecraft:torch":2,"minecraft:birch_planks":11,"minecraft:bone":3,"minecraft:lantern":1,"minecraft:firework_rocket":1,"minecraft:wheat_seeds":2,"minecraft:music_disc_5":2,"minecraft:enchanted_book":7,"minecraft:redstone_lamp":1,"minecraft:filled_map":1,"minecraft:cooked_chicken":2,"minecraft:birch_slab":1,"minecraft:bedrock":1,"minecraft:birch_door":1,"minecraft:happy_ghast_spawn_egg":1,"minecraft:music_disc_precipice":1,"minecraft:leaf_litter":6,"minecraft:string":2,"minecraft:netherite_axe":1,"minecraft:arrow":2,"minecraft:spider_eye":1,"minecraft:music_disc_mall":1,"minecraft:stone_axe":1,"minecraft:music_disc_pigstep":1,"minecraft:cooked_porkchop":2},"minecraft:killed":{"minecraft:skeleton":4,"minecraft:phantom":1,"minecraft:pig":10,"minecraft:witch":2,"minecraft:parrot":1,"minecraft:spider":7,"minecraft:happy_ghast":1,"minecraft:zombie":10,"minecraft:creeper":6,"minecraft:rabbit":1,"minecraft:chicken":2,"minecraft:enderman":3,"minecraft:goat":8,"minecraft:sheep":2,"minecraft:creaking":10,"minecraft:axolotl":2},"minecraft:crafted":{"minecraft:iron_ingot":5,"minecraft:blue_bed":1,"minecraft:wooden_sword":1,"minecraft:cooked_chicken":2,"minecraft:birch_planks":68,"minecraft:stone_pickaxe":1,"minecraft:crafting_table":3,"minecraft:white_bed":1,"minecraft:stick":56,"minecraft:wooden_pickaxe":1,"minecraft:oak_fence_gate":7,"minecraft:birch_slab":36,"minecraft:shield":1,"minecraft:blue_dye":1,"minecraft:stone_axe":1,"minecraft:oak_fence":24,"minecraft:oak_planks":100,"minecraft:cooked_porkchop":17,"minecraft:birch_door":3,"minecraft:iron_pickaxe":1,"minecraft:shears":1,"minecraft:air":0,"minecraft:firework_star":64}},"DataVersion":4438}