{"stats":{"minecraft:mined":{"minecraft:short_grass":3,"minecraft:tall_grass":1,"minecraft:oak_leaves":1,"minecraft:leaf_litter":1,"minecraft:spruce_stairs":2,"minecraft:oak_log":60,"minecraft:stripped_oak_log":1,"minecraft:grass_block":1,"minecraft:oak_planks":20},"minecraft:custom":{"minecraft:interact_with_crafting_table":1,"minecraft:time_since_rest":41542,"minecraft:walk_one_cm":410700,"minecraft:leave_game":9,"minecraft:walk_under_water_one_cm":2614,"minecraft:damage_taken":722,"minecraft:mob_kills":6,"minecraft:play_time":342914,"minecraft:damage_dealt":819,"minecraft:jump":574,"minecraft:time_since_death":209166,"minecraft:drop":12,"minecraft:interact_with_brewingstand":1,"minecraft:sprint_one_cm":1605,"minecraft:sleep_in_bed":2,"minecraft:fall_one_cm":11572,"minecraft:happy_ghast_one_cm":172110,"minecraft:total_world_time":342914,"minecraft:fly_one_cm":454494,"minecraft:walk_on_water_one_cm":2828,"minecraft:crouch_one_cm":69,"minecraft:sneak_time":927,"minecraft:deaths":2},"minecraft:killed":{"minecraft:zombie":2,"minecraft:chicken":3,"minecraft:pig":1},"minecraft:crafted":{"minecraft:stick":4,"minecraft:wooden_sword":1},"minecraft:picked_up":{"minecraft:birch_door":1,"minecraft:dirt":1,"minecraft:stripped_oak_log":1,"minecraft:leaf_litter":3,"minecraft:oak_log":60,"minecraft:soul_torch":1,"minecraft:oak_fence":1,"minecraft:birch_planks":11,"minecraft:wheat_seeds":1,"minecraft:spruce_stairs":1,"minecraft:egg":2,"minecraft:porkchop":2,"minecraft:stick":1,"minecraft:wooden_sword":1,"minecraft:feather":1,"minecraft:waxed_oxidized_copper_bulb":1,"minecraft:oak_planks":18,"minecraft:chicken":5,"minecraft:cooked_porkchop":1,"minecraft:cooked_chicken":2,"minecraft:rotten_flesh":3,"minecraft:music_disc_5":1,"minecraft:stone_axe":1,"minecraft:blue_bed":1,"minecraft:gunpowder":2},"minecraft:dropped":{"minecraft:wheat_seeds":1,"minecraft:oak_log":3,"minecraft:leaf_litter":1,"minecraft:chicken":4,"minecraft:dirt":1,"minecraft:stick":1,"minecraft:egg":1},"minecraft:used":{"minecraft:stone_axe":90,"minecraft:grass_block":412,"minecraft:birch_door":1,"minecraft:spruce_fence":60,"minecraft:waxed_oxidized_copper_bulb":762,"minecraft:netherite_sword":1,"minecraft:spruce_stairs":21,"minecraft:soul_torch":28,"minecraft:campfire":58,"minecraft:stone_shovel":35,"minecraft:stone_brick_slab":1,"minecraft:jungle_planks":1,"minecraft:netherite_boots":1,"minecraft:wooden_sword":12,"minecraft:netherite_leggings":1,"minecraft:goat_spawn_egg":12,"minecraft:stone_bricks":290,"minecraft:glass_pane":12,"minecraft:lantern":12,"minecraft:spruce_fence_gate":44,"minecraft:cooked_porkchop":1,"minecraft:soul_lantern":1,"minecraft:torch":189,"minecraft:blue_bed":1,"minecraft:sand":7,"minecraft:lever":42,"minecraft:spruce_planks":251,"minecraft:chicken_spawn_egg":11,"minecraft:cobblestone_wall":23,"minecraft:waxed_oxidized_copper_door":5,"minecraft:spruce_door":4,"minecraft:oak_log":406,"minecraft:cobblestone":174,"minecraft:oak_stairs":8,"minecraft:stone_brick_stairs":6,"minecraft:redstone_torch":19,"minecraft:stripped_oak_log":20,"minecraft:crafting_table":2,"minecraft:rabbit_spawn_egg":9,"minecraft:chest":16,"minecraft:amethyst_block":634,"minecraft:netherite_chestplate":1,"minecraft:spruce_trapdoor":64,"minecraft:cow_spawn_egg":5,"minecraft:oak_planks":50,"minecraft:sandstone":157,"minecraft:oak_door":3}},"DataVersion":4438}