{"stats":{"minecraft:custom":{"minecraft:interact_with_crafting_table":3,"minecraft:time_since_rest":29085,"minecraft:walk_one_cm":218579,"minecraft:leave_game":2,"minecraft:damage_dealt":206,"minecraft:play_time":114479,"minecraft:jump":278,"minecraft:time_since_death":114479,"minecraft:sprint_one_cm":502,"minecraft:open_chest":1,"minecraft:sleep_in_bed":3,"minecraft:total_world_time":114479,"minecraft:fly_one_cm":109531,"minecraft:walk_on_water_one_cm":790,"minecraft:crouch_one_cm":1038,"minecraft:sneak_time":1413,"minecraft:climb_one_cm":176},"minecraft:picked_up":{"minecraft:cherry_door":1,"minecraft:torch":1},"minecraft:used":{"minecraft:grass_block":127,"minecraft:cherry_planks":341,"minecraft:campfire":1,"minecraft:pale_oak_planks":135,"minecraft:cherry_fence":88,"minecraft:water_bucket":6,"minecraft:pink_bed":8,"minecraft:pale_oak_door":2,"minecraft:bookshelf":16,"minecraft:glass":262,"minecraft:crimson_planks":57,"minecraft:chest":4,"minecraft:crafting_table":5,"minecraft:cherry_stairs":38,"minecraft:cherry_door":6,"minecraft:glass_pane":25,"minecraft:torch":8}},"DataVersion":4438}